{
  "cpi_rate": 0.029787196522531853,
  "money_rate": 0.047037794049049224,
  "housing_rate": 0.00725057840361829,
  "credit_rate": 0.02570970903508008,
  "slope": -0.5094868330864691,
  "global_credit_rate": 0.01787686792558949,
  "global_slope": 0.19843148563163068,
  "debtgdp_level": 0.5065452015201646,
  "debtgdp_change": 0.012378726165277389
}